INSERT INTO public.customers (id, email, name, phone)
    VALUES (1,'uncledavecode@gmail.com', 'Uncle Dave', '08123456789'),
           (2,'udc@gmail.com', 'Uncle Dave Code', '213423423');

INSERT INTO public.orders (id, customer_id, delivery_date, order_date, order_number, status)
        VALUES
           (1, 1, '2023-01-01 00:00:00', '2023-03-01 00:00:00', 'ORD-0001', 'DELIVERED'),
           (2, 1, '2023-01-01 00:00:00', '2023-03-01 00:00:00', 'ORD-0002', 'PENDING'),
           (3, 2, '2023-01-01 00:00:00', '2023-03-01 00:00:00', 'ORD-0003', 'CANCELLED'),
           (4, 2, '2024-01-01 00:00:00', '2024-04-01 00:00:00', 'ORD-0004', 'DELIVERED'),
           (5, 1, '2024-01-01 00:00:00', '2024-04-01 00:00:00', 'ORD-0005', 'PENDING'),
           (6, 1, '2024-01-01 00:00:00', '2024-04-01 00:00:00', 'ORD-0006', 'CANCELLED'),
           (7, 1, '2023-01-01 00:00:00', '2023-03-01 00:00:00', 'ORD-0007', 'DELIVERED'),
           (8, 1, '2023-01-01 00:00:00', '2023-03-01 00:00:00', 'ORD-0008', 'PENDING'),
           (9, 2, '2023-01-01 00:00:00', '2023-03-01 00:00:00', 'ORD-0009', 'CANCELLED'),
           (10, 2, '2024-01-01 00:00:00', '2024-04-01 00:00:00', 'ORD-0010', 'DELIVERED'),
           (11, 1, '2024-01-01 00:00:00', '2024-04-01 00:00:00', 'ORD-0011', 'PENDING'),
           (12, 1, '2024-01-01 00:00:00', '2024-04-01 00:00:00', 'ORD-0012', 'CANCELLED'),
           (13, 1, '2023-01-01 00:00:00', '2023-03-01 00:00:00', 'ORD-0013', 'DELIVERED'),
           (14, 1, '2023-01-01 00:00:00', '2023-03-01 00:00:00', 'ORD-0014', 'PENDING'),
           (15, 2, '2023-01-01 00:00:00', '2023-03-01 00:00:00', 'ORD-0015', 'CANCELLED'),
           (16, 2, '2024-01-01 00:00:00', '2024-04-01 00:00:00', 'ORD-0016', 'DELIVERED'),
           (17, 1, '2024-01-01 00:00:00', '2024-04-01 00:00:00', 'ORD-0017', 'PENDING'),
           (18, 1, '2024-01-01 00:00:00', '2024-04-01 00:00:00', 'ORD-0018', 'CANCELLED'),
           (19, 1, '2023-01-01 00:00:00', '2023-03-01 00:00:00', 'ORD-0019', 'DELIVERED'),
           (20, 1, '2023-01-01 00:00:00', '2023-03-01 00:00:00', 'ORD-0020', 'PENDING'),
           (21, 2, '2023-01-01 00:00:00', '2023-03-01 00:00:00', 'ORD-0021', 'CANCELLED'),
           (22, 2, '2024-01-01 00:00:00', '2024-04-01 00:00:00', 'ORD-0022', 'DELIVERED'),
           (23, 1, '2024-01-01 00:00:00', '2024-04-01 00:00:00', 'ORD-0023', 'PENDING'),
           (24, 1, '2024-01-01 00:00:00', '2024-04-01 00:00:00', 'ORD-0024', 'CANCELLED'),
           (25, 1, '2023-01-01 00:00:00', '2023-03-01 00:00:00', 'ORD-0025', 'DELIVERED'),
           (26, 1, '2023-01-01 00:00:00', '2023-03-01 00:00:00', 'ORD-0026', 'PENDING'),
           (27, 2, '2023-01-01 00:00:00', '2023-03-01 00:00:00', 'ORD-0027', 'CANCELLED'),
           (28, 2, '2024-01-01 00:00:00', '2024-04-01 00:00:00', 'ORD-0028', 'DELIVERED'),
           (29, 1, '2024-01-01 00:00:00', '2024-04-01 00:00:00', 'ORD-0029', 'PENDING'),
           (30, 1, '2024-01-01 00:00:00', '2024-04-01 00:00:00', 'ORD-0030', 'CANCELLED'),
           (31, 1, '2023-01-01 00:00:00', '2023-03-01 00:00:00', 'ORD-0031', 'DELIVERED'),
           (32, 1, '2023-01-01 00:00:00', '2023-03-01 00:00:00', 'ORD-0032', 'PENDING'),
           (33, 2, '2023-01-01 00:00:00', '2023-03-01 00:00:00', 'ORD-0033', 'CANCELLED'),
           (34, 2, '2024-01-01 00:00:00', '2024-04-01 00:00:00', 'ORD-0034', 'DELIVERED'),
           (35, 1, '2024-01-01 00:00:00', '2024-04-01 00:00:00', 'ORD-0035', 'PENDING'),
           (36, 1, '2024-01-01 00:00:00', '2024-04-01 00:00:00', 'ORD-0036', 'CANCELLED')
;

INSERT INTO public.products (id, price, code, description, name)
    VALUES (1, 5.0, 'PRD-0001', 'Product 1 Description', 'Product 1'),
           (2, 15.0, 'PRD-0002', 'Product 2 Description', 'Product 2'),
           (3, 25.0, 'PRD-0003', 'Product 3 Description', 'Product 3'),
           (4, 35.0, 'PRD-0004', 'Product 4 Description', 'Product 4'),
           (5, 45.0, 'PRD-0005', 'Product 5 Description', 'Product 5'),
           (6, 55.0, 'PRD-0006', 'Product 6 Description', 'Product 6');

INSERT INTO public.orderdetails (order_id, product_id, quantity, price, total)
    VALUES (1, 1, 1, 5.0, 5.0),
           (1, 2, 2, 15.0, 30.0),
           (2, 3, 3, 25.0, 75.0),
           (2, 4, 4, 35.0, 140.0),
           (3, 5, 5, 45.0, 225.0),
           (3, 6, 6, 55.0, 330.0),
           (4, 1, 1, 5.0, 5.0),
           (4, 2, 2, 15.0, 30.0),
           (5, 3, 3, 25.0, 75.0),
           (5, 4, 4, 35.0, 140.0),
           (6, 5, 5, 45.0, 225.0),
           (6, 6, 6, 55.0, 330.0);



